aggregation,r2,rmse,mae,round,n_participants
FedAvg,0.02708797529833873,49.265101680833496,39.052301212587366,1,29
FedAvg,0.06987646625238186,48.1695860753668,38.04481258227837,2,29
FedAvg,0.11129954594708591,47.08475326685364,37.04548401822065,3,29
FedAvg,0.15134252915296798,46.011756979516896,36.0549908056799,4,29
FedAvg,0.1900256784231541,44.95088259015785,35.07336689578689,5,29
FedAvg,0.22733433112148305,43.90342542272815,34.10131601998497,6,29
FedAvg,0.2632967784667928,42.869545822379685,33.13825567748174,7,29
FedAvg,0.2978909175924449,41.85090882516856,32.18611843801672,8,29
FedAvg,0.3311590581322713,40.847362811119474,31.244072541329217,9,29
FedAvg,0.3630683505174652,39.861075546836574,30.315067458063425,10,29
FedAvg,0.3936383675341578,38.89273233036603,29.397453490062645,11,29
FedAvg,0.4228663068657865,37.94379913060421,28.49437870634213,12,29
FedAvg,0.45081215926911655,37.0137472077753,27.60449420646057,13,29
FedAvg,0.47737124908023687,36.10765188013734,26.732980573843687,14,29
FedAvg,0.5026106847026723,35.224985564219416,25.879025054439786,15,29
FedAvg,0.5265888042771816,34.36543614896354,25.04292488517629,16,29
FedAvg,0.5492219326878394,33.53389394962273,24.22773128812255,17,29
FedAvg,0.5705582061307941,32.730659196079365,23.435053271633926,18,29
FedAvg,0.5906284417212806,31.9566636013778,22.665059824169177,19,29
FedAvg,0.6093924540479725,31.215688079942794,21.921707539046185,20,29
FedAvg,0.6268650124380749,30.509534719515216,21.208271238420277,21,29
FedAvg,0.64305152224937,29.840449790248524,20.526286840370457,22,29
FedAvg,0.6579611974253908,29.2105871495842,19.881673821285865,23,29
FedAvg,0.6716094920958187,28.62186280392991,19.275951135041325,24,29
FedAvg,0.6839955791709491,28.076901417236954,18.715489347916826,25,29
FedAvg,0.6951035477709926,27.57901705597778,18.209161963184187,26,29
FedAvg,0.7049667061389642,27.1292702546071,17.760163105532857,27,29
FedAvg,0.7135564508411343,26.73142563243997,17.378095591070277,28,29
FedAvg,0.7209321075649758,26.385026470360884,17.06745125817125,29,29
FedAvg,0.7270619346794027,26.09363915779694,16.83511327054892,30,29
FedAvg,0.7319530092236147,25.858782062459724,16.681825492476886,31,29
FedAvg,0.7356625479009418,25.679227079820553,16.608427937080656,32,29
FedAvg,0.7381059214911961,25.56027002242231,16.614963158741897,33,29
FedAvg,0.7393516085820648,25.49940944399917,16.70293350017835,34,29
FedAvg,0.7393982539709942,25.497127666843202,16.865010743624005,35,29
FedAvg,0.7382152200109856,25.554935821597063,17.099137933992186,36,29
FedAvg,0.7358386838588782,25.670670235275015,17.404119034335523,37,29
FedAvg,0.732207941804828,25.846482326854147,17.779322899131046,38,29
FedAvg,0.7273801619365938,26.078423015242148,18.21909288164363,39,29
FedAvg,0.7213646942920359,26.364568654969837,18.717885213607865,40,29
FedAvg,0.7141626490387115,26.703124899966973,19.270385882488405,41,29
FedAvg,0.70576837562185,27.092387125473905,19.871786491373538,42,29
FedAvg,0.6962782327050792,27.525838477192487,20.509068505408766,43,29
FedAvg,0.6855800900749356,28.006421287927733,21.185763710951957,44,29
FedAvg,0.67368489929662,28.531275270588445,21.896333418920598,45,29
FedAvg,0.6606276438151379,29.096505270196143,22.630855414720525,46,29
FedAvg,0.646369743210107,29.701426365394855,23.39015271986647,47,29
FedAvg,0.6310441978430458,30.33819721402985,24.16250990861064,48,29
FedAvg,0.6145069361456782,31.010650905586427,24.953342833923053,49,29
FedAvg,0.5969324473163911,31.709655016562298,25.751946438626728,50,29
FedAvg,0.5780254617919556,32.44484630798896,26.57114224680291,51,29
FedAvg,0.5580180237254776,33.20510651361949,27.398744685059967,52,29
FedAvg,0.5369677304630792,33.98663968988144,28.231530455167334,53,29
FedAvg,0.5149285664274361,34.78607649000843,29.067264812083092,54,29
FedAvg,0.49156952937903575,35.61380554472811,29.918287362581502,55,29
FedAvg,0.46726086962229574,36.455234539493055,30.769425443067846,56,29
FedAvg,0.4418538530525251,37.31440865371256,31.626001910667377,57,29
FedAvg,0.4153503806217185,38.19006816904866,32.48725250757568,58,29
FedAvg,0.3876012457951562,39.08586675971634,33.35841051954939,59,29
FedAvg,0.35891351348667855,39.99087523800911,34.228757500915584,60,29
FedAvg,0.32914476102666257,40.90882500975835,35.10248603170531,61,29
FedAvg,0.2982013524417385,41.84165569249607,35.98134459440067,62,29
FedAvg,0.26617335601649805,42.78576840465936,36.864370437691136,63,29
FedAvg,0.2330847096656462,43.7397499790759,37.749615836213735,64,29
FedAvg,0.1990171111606448,44.70068899453294,38.63387450382071,65,29
FedAvg,0.16372424695768306,45.674873211183844,39.52449351668428,66,29
FedAvg,0.12755441377695398,46.65216176653199,40.41191098790317,67,29
FedAvg,0.09049344844490914,47.632734461560815,41.29657262926884,68,29
FedAvg,0.05206583791180941,48.62859090885514,42.19123675073004,69,29
FedAvg,0.012927811602937767,49.62231892935767,43.0785441753328,70,29
FedAvg,-0.027422375076349148,50.626407171739324,43.97142364997062,71,29
FedAvg,-0.06880661973959312,51.63594926760497,44.86506179372798,72,29
FedAvg,-0.11150774600097058,52.65733126173677,45.766054389030565,73,29
FedAvg,-0.15474687531290843,53.671779643308376,46.65884016082296,74,29
FedAvg,-0.19913319755556036,54.69357494464671,47.558628784229846,75,29
FedAvg,-0.24470129646197813,55.7230871316016,48.469078719609016,76,29
FedAvg,-0.2913397106812967,56.757446855952224,49.385946900645955,77,29
FedAvg,-0.33876484541661966,57.79027323059883,50.30521759665183,78,29
FedAvg,-0.38774425915717803,58.83792084300015,51.24244979655766,79,29
FedAvg,-0.4377207596559787,59.88800827640688,52.18306236286451,80,29
FedAvg,-0.48832990216863004,60.93294959064515,53.120398286911566,81,29
FedAvg,-0.5398768453901508,61.9791466302143,54.060713676735276,82,29
FedAvg,-0.5928052584789723,63.03531658427783,55.011547831762115,83,29
FedAvg,-0.6463291891288969,64.08567117142407,55.95854647583302,84,29
FedAvg,-0.7003988220001105,65.12953772501466,56.89949381266062,85,29
FedAvg,-0.7558618178430108,66.18320056150041,57.84928882885893,86,29
FedAvg,-0.8120554634539305,67.23390577468042,58.79627183172194,87,29
FedAvg,-0.8700490651734438,68.3013202625776,59.7598869850954,88,29
FedAvg,-0.9290886934982465,69.37111832150858,60.726049315794775,89,29
FedAvg,-0.9883373146563776,70.42836874015876,61.678646780350604,90,29
FedAvg,-1.048633666109886,71.48826395544178,62.63397015200138,91,29
FedAvg,-1.1105153317205874,72.55992976138828,63.600843598670366,92,29
FedAvg,-1.1728107552350377,73.62300660273259,64.55789946605165,93,29
FedAvg,-1.237043095744454,74.70329762604054,65.53232617772899,94,29
FedAvg,-1.3014927885393552,75.77176560920184,66.49535679825999,95,29
FedAvg,-1.3672783180125245,76.84706020316715,67.46383176264192,96,29
FedAvg,-1.4343038756742477,77.92736531535138,68.43693708662808,97,29
FedAvg,-1.5019251744195783,79.00230388071748,69.40553669763013,98,29
FedAvg,-1.5703235409011298,80.07491657316567,70.37008062781776,99,29
FedAvg,-1.6397392629899157,81.14898908941717,71.33703720450026,100,29
FedProx,0.022921466036815108,49.370478223406664,39.15237220737248,1,29
FedProx,0.06178715249782751,48.378598817434664,38.243182688831894,2,29
FedProx,0.09953261807221547,47.39544342675803,37.34076027482826,3,29
FedProx,0.13614266133549446,46.42197479747189,36.44608961302261,4,29
FedProx,0.17164545274399678,45.458042283626696,35.55767556514991,5,29
FedProx,0.20619746975036202,44.49987974825627,34.67237976822045,6,29
FedProx,0.23949195414837987,43.55665343783824,33.798444831623044,7,29
FedProx,0.2717336575627147,42.62336346547389,32.93064111633932,8,29
FedProx,0.30275583342114054,41.705664254673565,32.07464711920654,9,29
FedProx,0.33267882073810895,40.800929051707385,31.227838964006406,10,29
FedProx,0.3616881991840636,39.904239163033466,30.385264116582015,11,29
FedProx,0.3894754861415991,39.026009972010236,29.55779862527636,12,29
FedProx,0.41610997153363327,38.165251376124,28.742212117574084,13,29
FedProx,0.4418336424813699,37.315084228280725,27.93371628701412,14,29
FedProx,0.46640137403009596,36.48463024553812,27.14004833685318,15,29
FedProx,0.4899346985674906,35.671016729158914,26.357902163810618,16,29
FedProx,0.5123311106269335,34.879088213920156,25.59297014511992,17,29
FedProx,0.5337074732255005,34.10608149915636,24.841150379506963,18,29
FedProx,0.5540531402112575,33.35371035465423,24.1048313384208,19,29
FedProx,0.5733207684198873,32.625212576176175,23.387483092358615,20,29
FedProx,0.5916064066591044,31.91846946779819,22.684795148668123,21,29
FedProx,0.6088037824942085,31.23920128344172,22.006591045777938,22,29
FedProx,0.624858817155922,30.591443458085372,21.353598349622832,23,29
FedProx,0.640025525451729,29.9666676434301,20.71970090057645,24,29
FedProx,0.6540352389868567,29.37774998216367,20.11666363175945,25,29
FedProx,0.6671963323382061,28.813542079035308,19.538434891703787,26,29
FedProx,0.6791625334841103,28.290794045470964,19.002014798691018,27,29
FedProx,0.6901725346174703,27.80113681764852,18.499370800196616,28,29
FedProx,0.7002171843187747,27.346765409960195,18.039004754739956,29,29
FedProx,0.7091168371289722,26.93778546579279,17.63381752928878,30,29
FedProx,0.717104226737389,26.56536744361792,17.276705494946917,31,29
FedProx,0.7239747657211738,26.2407951868788,16.982487234966108,32,29
FedProx,0.7298659080617649,25.95925930371019,16.74845343866906,33,29
FedProx,0.7347216777691841,25.724887194449025,16.583721121159243,34,29
FedProx,0.7385617979165301,25.538014078751623,16.483793301139844,35,29
FedProx,0.7414445901861675,25.396824184403417,16.44808552585839,36,29
FedProx,0.7432730086376652,25.306865887654432,16.480991523127802,37,29
FedProx,0.7441625530072249,25.262984420158414,16.577483117756763,38,29
FedProx,0.7440170991947151,25.270164907811854,16.73895215468381,39,29
FedProx,0.7428808441310153,25.326187322027906,16.95957382656654,40,29
FedProx,0.7407858395730396,25.429156771708016,17.24154276481505,41,29
FedProx,0.7376786144753229,25.58111362315771,17.581062888602258,42,29
FedProx,0.733626865297192,25.777916270752947,17.973262876088874,43,29
FedProx,0.7285249813831458,26.023609515967603,18.418859184463575,44,29
FedProx,0.7224981240493815,26.310891255121568,18.908272928226026,45,29
FedProx,0.7154844785096522,26.641310237007477,19.435360963171277,46,29
FedProx,0.7075319115478047,27.011073286733964,19.999539511334607,47,29
FedProx,0.69868480622082,27.416569560118024,20.589640988768913,48,29
FedProx,0.688845701712238,27.86060226058473,21.211329879498365,49,29
FedProx,0.6779420660950706,28.344552133730918,21.860793693202528,50,29
FedProx,0.666179594236851,28.857522190785776,22.525587706765606,51,29
FedProx,0.6533525795559358,29.406719861376686,23.211638066309188,52,29
FedProx,0.6396462859576948,29.98244869606967,23.90836452579974,53,29
FedProx,0.625120442572306,30.580774281511474,24.610895849904985,54,29
FedProx,0.6094095814709843,31.215003697164214,25.336436972420902,55,29
FedProx,0.5930452694769619,31.862191867870568,26.05793876981199,56,29
FedProx,0.5755240649079381,32.54086812119904,26.798470149144165,57,29
FedProx,0.557341437121178,33.23051200552395,27.534025666640346,58,29
FedProx,0.5380188343669547,33.94804217893944,28.287718694297478,59,29
FedProx,0.5178883341653147,34.67978673869192,29.042815047071567,60,29
FedProx,0.4969368439535776,35.425325835511394,29.800941393103837,61,29
FedProx,0.47483691609593504,36.19509267337932,30.574088568632476,62,29
FedProx,0.4519027556696247,36.97697734782813,31.348878631513934,63,29
FedProx,0.42823116295259367,37.76703047158989,32.12191373649979,64,29
FedProx,0.4035264569714624,38.57431214210981,32.90442970670328,65,29
FedProx,0.3781188141735232,39.38730870836327,33.684356803025956,66,29
FedProx,0.3520036489144055,40.20581575165578,34.46106654130373,67,29
FedProx,0.32463811334525006,41.046002944553784,35.25319378418082,68,29
FedProx,0.2967594815855634,41.88461623982555,36.0360156331632,69,29
FedProx,0.2676595053147621,42.74242147351287,36.83296416298978,70,29
FedProx,0.2378292122920257,43.6042426306936,37.627886986694655,71,29
FedProx,0.20717586306378044,44.47244735348083,38.422684538407566,72,29
FedProx,0.17556521223649513,45.35036140883591,39.222800032055744,73,29
FedProx,0.14332244619942847,46.22865860427773,40.01741379838006,74,29
FedProx,0.1099840925558816,47.11958777996742,40.82034589467936,75,29
FedProx,0.0756836399476043,48.01897858634399,41.62671613134781,76,29
FedProx,0.04063755198059571,48.92084562520794,42.43185160295134,77,29
FedProx,0.004889810227052371,49.82395339264349,43.23385713020832,78,29
FedProx,-0.03191809733092388,50.737049996287446,44.04231474434674,79,29
FedProx,-0.06952554547874534,51.65331263899062,44.85060970712426,80,29
FedProx,-0.10764747753175996,52.56581222647333,45.653373956356816,81,29
FedProx,-0.14666217579612395,53.48356420438578,46.46197708130806,82,29
FedProx,-0.18669461924480535,54.40916795105139,47.27902105834946,83,29
FedProx,-0.22749680085557422,55.33663959783112,48.101065708995854,84,29
FedProx,-0.2692825767723914,56.270627376633584,48.93014530171782,85,29
FedProx,-0.31146992282643704,57.198121433063854,49.754997906220474,86,29
FedProx,-0.3545126280157833,58.12917069338128,50.58645383913476,87,29
FedProx,-0.39849271180988177,59.06533910196461,51.422567427486435,88,29
FedProx,-0.4431848977640034,60.001704213350045,52.25920751866362,89,29
FedProx,-0.48864756238293094,60.939451825499525,53.098960823487765,90,29
FedProx,-0.5352101103107447,61.88515868128276,53.94740273886512,91,29
FedProx,-0.5822492373669086,62.826091930240274,54.79223923094555,92,29
FedProx,-0.6300313068568124,63.767673251401895,55.637884325407846,93,29
FedProx,-0.6790931842274344,64.72022185341555,56.49630198264092,94,29
FedProx,-0.7285048156093905,65.66559667408858,57.34636965009527,95,29
FedProx,-0.7793373776062527,66.62416036844643,58.21025404493015,96,29
FedProx,-0.8302328871595865,67.57028883731377,59.061748022545586,97,29
FedProx,-0.8818265760614363,68.5160624793509,59.912290996587366,98,29
FedProx,-0.9349860744951115,69.47707397929507,60.77794276711458,99,29
FedProx,-0.9885998081860226,70.4330174435891,61.63785899004619,100,29
