aggregation,round,best_r2,best_rmse,best_mae,achieved_at_round
FedAvg,1,0.0270879752983387,49.265101680833496,39.052301212587366,1
FedAvg,2,0.0698764662523818,48.1695860753668,38.04481258227837,2
FedAvg,3,0.1112995459470859,47.08475326685364,37.04548401822065,3
FedAvg,4,0.1513425291529679,46.011756979516896,36.0549908056799,4
FedAvg,5,0.1900256784231541,44.95088259015785,35.07336689578689,5
FedAvg,6,0.227334331121483,43.90342542272815,34.10131601998497,6
FedAvg,7,0.2632967784667928,42.869545822379685,33.13825567748174,7
FedAvg,8,0.2978909175924449,41.85090882516856,32.18611843801672,8
FedAvg,9,0.3311590581322713,40.847362811119474,31.244072541329217,9
FedAvg,10,0.3630683505174652,39.861075546836574,30.315067458063425,10
FedAvg,11,0.3936383675341578,38.89273233036603,29.397453490062645,11
FedAvg,12,0.4228663068657865,37.94379913060421,28.49437870634213,12
FedAvg,13,0.4508121592691165,37.0137472077753,27.60449420646057,13
FedAvg,14,0.4773712490802368,36.10765188013734,26.732980573843687,14
FedAvg,15,0.5026106847026723,35.224985564219416,25.879025054439783,15
FedAvg,16,0.5265888042771816,34.36543614896354,25.04292488517629,16
FedAvg,17,0.5492219326878394,33.53389394962273,24.22773128812255,17
FedAvg,18,0.5705582061307941,32.730659196079365,23.43505327163393,18
FedAvg,19,0.5906284417212806,31.9566636013778,22.665059824169177,19
FedAvg,20,0.6093924540479725,31.215688079942797,21.921707539046185,20
FedAvg,21,0.6268650124380749,30.509534719515216,21.20827123842028,21
FedAvg,22,0.64305152224937,29.840449790248524,20.526286840370457,22
FedAvg,23,0.6579611974253908,29.2105871495842,19.881673821285865,23
FedAvg,24,0.6716094920958187,28.62186280392991,19.275951135041325,24
FedAvg,25,0.6839955791709491,28.076901417236957,18.715489347916822,25
FedAvg,26,0.6951035477709926,27.57901705597778,18.209161963184187,26
FedAvg,27,0.7049667061389642,27.1292702546071,17.760163105532857,27
FedAvg,28,0.7135564508411343,26.73142563243997,17.378095591070277,28
FedAvg,29,0.7209321075649758,26.385026470360884,17.06745125817125,29
FedAvg,30,0.7270619346794027,26.09363915779694,16.83511327054892,30
FedAvg,31,0.7319530092236147,25.858782062459724,16.681825492476886,31
FedAvg,32,0.7356625479009418,25.679227079820556,16.608427937080656,32
FedAvg,33,0.7381059214911961,25.56027002242231,16.614963158741897,33
FedAvg,34,0.7393516085820648,25.49940944399917,16.70293350017835,34
FedAvg,35,0.7393982539709942,25.4971276668432,16.865010743624005,35
FedAvg,36,0.7393982539709942,25.4971276668432,16.865010743624005,35
FedAvg,37,0.7393982539709942,25.4971276668432,16.865010743624005,35
FedAvg,38,0.7393982539709942,25.4971276668432,16.865010743624005,35
FedAvg,39,0.7393982539709942,25.4971276668432,16.865010743624005,35
FedAvg,40,0.7393982539709942,25.4971276668432,16.865010743624005,35
FedAvg,41,0.7393982539709942,25.4971276668432,16.865010743624005,35
FedAvg,42,0.7393982539709942,25.4971276668432,16.865010743624005,35
FedAvg,43,0.7393982539709942,25.4971276668432,16.865010743624005,35
FedAvg,44,0.7393982539709942,25.4971276668432,16.865010743624005,35
FedAvg,45,0.7393982539709942,25.4971276668432,16.865010743624005,35
FedAvg,46,0.7393982539709942,25.4971276668432,16.865010743624005,35
FedAvg,47,0.7393982539709942,25.4971276668432,16.865010743624005,35
FedAvg,48,0.7393982539709942,25.4971276668432,16.865010743624005,35
FedAvg,49,0.7393982539709942,25.4971276668432,16.865010743624005,35
FedAvg,50,0.7393982539709942,25.4971276668432,16.865010743624005,35
FedAvg,51,0.7393982539709942,25.4971276668432,16.865010743624005,35
FedAvg,52,0.7393982539709942,25.4971276668432,16.865010743624005,35
FedAvg,53,0.7393982539709942,25.4971276668432,16.865010743624005,35
FedAvg,54,0.7393982539709942,25.4971276668432,16.865010743624005,35
FedAvg,55,0.7393982539709942,25.4971276668432,16.865010743624005,35
FedAvg,56,0.7393982539709942,25.4971276668432,16.865010743624005,35
FedAvg,57,0.7393982539709942,25.4971276668432,16.865010743624005,35
FedAvg,58,0.7393982539709942,25.4971276668432,16.865010743624005,35
FedAvg,59,0.7393982539709942,25.4971276668432,16.865010743624005,35
FedAvg,60,0.7393982539709942,25.4971276668432,16.865010743624005,35
FedAvg,61,0.7393982539709942,25.4971276668432,16.865010743624005,35
FedAvg,62,0.7393982539709942,25.4971276668432,16.865010743624005,35
FedAvg,63,0.7393982539709942,25.4971276668432,16.865010743624005,35
FedAvg,64,0.7393982539709942,25.4971276668432,16.865010743624005,35
FedAvg,65,0.7393982539709942,25.4971276668432,16.865010743624005,35
FedAvg,66,0.7393982539709942,25.4971276668432,16.865010743624005,35
FedAvg,67,0.7393982539709942,25.4971276668432,16.865010743624005,35
FedAvg,68,0.7393982539709942,25.4971276668432,16.865010743624005,35
FedAvg,69,0.7393982539709942,25.4971276668432,16.865010743624005,35
FedAvg,70,0.7393982539709942,25.4971276668432,16.865010743624005,35
FedAvg,71,0.7393982539709942,25.4971276668432,16.865010743624005,35
FedAvg,72,0.7393982539709942,25.4971276668432,16.865010743624005,35
FedAvg,73,0.7393982539709942,25.4971276668432,16.865010743624005,35
FedAvg,74,0.7393982539709942,25.4971276668432,16.865010743624005,35
FedAvg,75,0.7393982539709942,25.4971276668432,16.865010743624005,35
FedAvg,76,0.7393982539709942,25.4971276668432,16.865010743624005,35
FedAvg,77,0.7393982539709942,25.4971276668432,16.865010743624005,35
FedAvg,78,0.7393982539709942,25.4971276668432,16.865010743624005,35
FedAvg,79,0.7393982539709942,25.4971276668432,16.865010743624005,35
FedAvg,80,0.7393982539709942,25.4971276668432,16.865010743624005,35
FedAvg,81,0.7393982539709942,25.4971276668432,16.865010743624005,35
FedAvg,82,0.7393982539709942,25.4971276668432,16.865010743624005,35
FedAvg,83,0.7393982539709942,25.4971276668432,16.865010743624005,35
FedAvg,84,0.7393982539709942,25.4971276668432,16.865010743624005,35
FedAvg,85,0.7393982539709942,25.4971276668432,16.865010743624005,35
FedAvg,86,0.7393982539709942,25.4971276668432,16.865010743624005,35
FedAvg,87,0.7393982539709942,25.4971276668432,16.865010743624005,35
FedAvg,88,0.7393982539709942,25.4971276668432,16.865010743624005,35
FedAvg,89,0.7393982539709942,25.4971276668432,16.865010743624005,35
FedAvg,90,0.7393982539709942,25.4971276668432,16.865010743624005,35
FedAvg,91,0.7393982539709942,25.4971276668432,16.865010743624005,35
FedAvg,92,0.7393982539709942,25.4971276668432,16.865010743624005,35
FedAvg,93,0.7393982539709942,25.4971276668432,16.865010743624005,35
FedAvg,94,0.7393982539709942,25.4971276668432,16.865010743624005,35
FedAvg,95,0.7393982539709942,25.4971276668432,16.865010743624005,35
FedAvg,96,0.7393982539709942,25.4971276668432,16.865010743624005,35
FedAvg,97,0.7393982539709942,25.4971276668432,16.865010743624005,35
FedAvg,98,0.7393982539709942,25.4971276668432,16.865010743624005,35
FedAvg,99,0.7393982539709942,25.4971276668432,16.865010743624005,35
FedAvg,100,0.7393982539709942,25.4971276668432,16.865010743624005,35
FedProx,1,0.0229214660368151,49.37047822340666,39.15237220737248,1
FedProx,2,0.0617871524978275,48.37859881743466,38.24318268883189,2
FedProx,3,0.0995326180722154,47.39544342675803,37.34076027482826,3
FedProx,4,0.1361426613354944,46.42197479747189,36.44608961302261,4
FedProx,5,0.1716454527439967,45.458042283626696,35.55767556514991,5
FedProx,6,0.206197469750362,44.49987974825627,34.67237976822045,6
FedProx,7,0.2394919541483798,43.55665343783824,33.798444831623044,7
FedProx,8,0.2717336575627147,42.62336346547389,32.93064111633932,8
FedProx,9,0.3027558334211405,41.705664254673565,32.07464711920654,9
FedProx,10,0.3326788207381089,40.800929051707385,31.22783896400641,10
FedProx,11,0.3616881991840636,39.904239163033466,30.38526411658201,11
FedProx,12,0.3894754861415991,39.02600997201024,29.55779862527636,12
FedProx,13,0.4161099715336332,38.165251376124,28.742212117574084,13
FedProx,14,0.4418336424813699,37.315084228280725,27.93371628701412,14
FedProx,15,0.4664013740300959,36.48463024553812,27.14004833685318,15
FedProx,16,0.4899346985674906,35.671016729158914,26.357902163810618,16
FedProx,17,0.5123311106269335,34.87908821392016,25.59297014511992,17
FedProx,18,0.5337074732255005,34.10608149915636,24.841150379506963,18
FedProx,19,0.5540531402112575,33.35371035465423,24.1048313384208,19
FedProx,20,0.5733207684198873,32.625212576176175,23.38748309235861,20
FedProx,21,0.5916064066591044,31.91846946779819,22.684795148668123,21
FedProx,22,0.6088037824942085,31.23920128344172,22.006591045777935,22
FedProx,23,0.624858817155922,30.59144345808537,21.353598349622832,23
FedProx,24,0.640025525451729,29.9666676434301,20.71970090057645,24
FedProx,25,0.6540352389868567,29.37774998216367,20.11666363175945,25
FedProx,26,0.6671963323382061,28.813542079035308,19.538434891703787,26
FedProx,27,0.6791625334841103,28.290794045470964,19.002014798691015,27
FedProx,28,0.6901725346174703,27.80113681764852,18.499370800196616,28
FedProx,29,0.7002171843187747,27.346765409960195,18.03900475473996,29
FedProx,30,0.7091168371289722,26.93778546579279,17.63381752928878,30
FedProx,31,0.717104226737389,26.56536744361792,17.276705494946917,31
FedProx,32,0.7239747657211738,26.2407951868788,16.982487234966108,32
FedProx,33,0.7298659080617649,25.95925930371019,16.74845343866906,33
FedProx,34,0.7347216777691841,25.724887194449025,16.583721121159243,34
FedProx,35,0.7385617979165301,25.538014078751623,16.483793301139844,35
FedProx,36,0.7414445901861675,25.396824184403417,16.44808552585839,36
FedProx,37,0.7432730086376652,25.306865887654432,16.480991523127802,37
FedProx,38,0.7441625530072249,25.26298442015841,16.577483117756763,38
FedProx,39,0.7441625530072249,25.26298442015841,16.577483117756763,38
FedProx,40,0.7441625530072249,25.26298442015841,16.577483117756763,38
FedProx,41,0.7441625530072249,25.26298442015841,16.577483117756763,38
FedProx,42,0.7441625530072249,25.26298442015841,16.577483117756763,38
FedProx,43,0.7441625530072249,25.26298442015841,16.577483117756763,38
FedProx,44,0.7441625530072249,25.26298442015841,16.577483117756763,38
FedProx,45,0.7441625530072249,25.26298442015841,16.577483117756763,38
FedProx,46,0.7441625530072249,25.26298442015841,16.577483117756763,38
FedProx,47,0.7441625530072249,25.26298442015841,16.577483117756763,38
FedProx,48,0.7441625530072249,25.26298442015841,16.577483117756763,38
FedProx,49,0.7441625530072249,25.26298442015841,16.577483117756763,38
FedProx,50,0.7441625530072249,25.26298442015841,16.577483117756763,38
FedProx,51,0.7441625530072249,25.26298442015841,16.577483117756763,38
FedProx,52,0.7441625530072249,25.26298442015841,16.577483117756763,38
FedProx,53,0.7441625530072249,25.26298442015841,16.577483117756763,38
FedProx,54,0.7441625530072249,25.26298442015841,16.577483117756763,38
FedProx,55,0.7441625530072249,25.26298442015841,16.577483117756763,38
FedProx,56,0.7441625530072249,25.26298442015841,16.577483117756763,38
FedProx,57,0.7441625530072249,25.26298442015841,16.577483117756763,38
FedProx,58,0.7441625530072249,25.26298442015841,16.577483117756763,38
FedProx,59,0.7441625530072249,25.26298442015841,16.577483117756763,38
FedProx,60,0.7441625530072249,25.26298442015841,16.577483117756763,38
FedProx,61,0.7441625530072249,25.26298442015841,16.577483117756763,38
FedProx,62,0.7441625530072249,25.26298442015841,16.577483117756763,38
FedProx,63,0.7441625530072249,25.26298442015841,16.577483117756763,38
FedProx,64,0.7441625530072249,25.26298442015841,16.577483117756763,38
FedProx,65,0.7441625530072249,25.26298442015841,16.577483117756763,38
FedProx,66,0.7441625530072249,25.26298442015841,16.577483117756763,38
FedProx,67,0.7441625530072249,25.26298442015841,16.577483117756763,38
FedProx,68,0.7441625530072249,25.26298442015841,16.577483117756763,38
FedProx,69,0.7441625530072249,25.26298442015841,16.577483117756763,38
FedProx,70,0.7441625530072249,25.26298442015841,16.577483117756763,38
FedProx,71,0.7441625530072249,25.26298442015841,16.577483117756763,38
FedProx,72,0.7441625530072249,25.26298442015841,16.577483117756763,38
FedProx,73,0.7441625530072249,25.26298442015841,16.577483117756763,38
FedProx,74,0.7441625530072249,25.26298442015841,16.577483117756763,38
FedProx,75,0.7441625530072249,25.26298442015841,16.577483117756763,38
FedProx,76,0.7441625530072249,25.26298442015841,16.577483117756763,38
FedProx,77,0.7441625530072249,25.26298442015841,16.577483117756763,38
FedProx,78,0.7441625530072249,25.26298442015841,16.577483117756763,38
FedProx,79,0.7441625530072249,25.26298442015841,16.577483117756763,38
FedProx,80,0.7441625530072249,25.26298442015841,16.577483117756763,38
FedProx,81,0.7441625530072249,25.26298442015841,16.577483117756763,38
FedProx,82,0.7441625530072249,25.26298442015841,16.577483117756763,38
FedProx,83,0.7441625530072249,25.26298442015841,16.577483117756763,38
FedProx,84,0.7441625530072249,25.26298442015841,16.577483117756763,38
FedProx,85,0.7441625530072249,25.26298442015841,16.577483117756763,38
FedProx,86,0.7441625530072249,25.26298442015841,16.577483117756763,38
FedProx,87,0.7441625530072249,25.26298442015841,16.577483117756763,38
FedProx,88,0.7441625530072249,25.26298442015841,16.577483117756763,38
FedProx,89,0.7441625530072249,25.26298442015841,16.577483117756763,38
FedProx,90,0.7441625530072249,25.26298442015841,16.577483117756763,38
FedProx,91,0.7441625530072249,25.26298442015841,16.577483117756763,38
FedProx,92,0.7441625530072249,25.26298442015841,16.577483117756763,38
FedProx,93,0.7441625530072249,25.26298442015841,16.577483117756763,38
FedProx,94,0.7441625530072249,25.26298442015841,16.577483117756763,38
FedProx,95,0.7441625530072249,25.26298442015841,16.577483117756763,38
FedProx,96,0.7441625530072249,25.26298442015841,16.577483117756763,38
FedProx,97,0.7441625530072249,25.26298442015841,16.577483117756763,38
FedProx,98,0.7441625530072249,25.26298442015841,16.577483117756763,38
FedProx,99,0.7441625530072249,25.26298442015841,16.577483117756763,38
FedProx,100,0.7441625530072249,25.26298442015841,16.577483117756763,38
